INSERT IGNORE INTO members (uid, name, pass, role, xp, coin, npo_name) VALUES
('U001','user',  'quest',   'user',  1200, 500,  NULL),
('U002','Hua',   'hua123',  'user',  3500, 1200, NULL),
('N001','npo',   'npo123',  'npo',   0,    0,    '台中市紅十字會'),
('N002','npo2',  'npo2123', 'npo',   0,    0,    '惜食廚房協會'),
('A001','admin', 'admin123','admin', 0,    0,    NULL);

INSERT IGNORE INTO events (eid,name,loc,date,sdg,npo,quota,joined,reward,xp,icon,lat,lng,`desc`,requirements,duration) VALUES
('E001','清水濕地淨灘行動','清水濕地公園','2026-07-15',14,'台灣藍鵲茶生態 NPO',30,12,80,150,'W',24.2730,120.5612,'一起走進清水濕地，清除海岸垃圾、調查海洋生物多樣性。','需自備水壺、防曬、手套，年齡限制 12 歲以上。','上午 09:00-12:00'),
('E002','醜蔬果創意料理工作坊','逢甲夜市廣場','2026-08-03',12,'惜食廚房協會',20,18,60,100,'F',24.1802,120.6429,'零浪費飲食，化廢為寶。','自備料理工具，主辦提供食材。','下午 14:00-17:00'),
('E003','偏鄉程式教育義教計畫','和平區學習中心','2026-09-10',4,'碼力無限 EdTech 協會',15,5,120,200,'B',24.3600,121.0200,'深入山地原鄉提供程式設計課程。','需備基礎程式教學能力，自備筆電。','連續三天 09:00-17:00'),
('E004','低碳生活節能體驗講座','台中市政府廣場','2026-10-20',13,'綠境永續 Foundation',50,34,50,80,'G',24.1633,120.6474,'介紹台灣能源轉型現況與個人減碳足跡計算。','無特殊限制。','下午 13:30-16:30'),
('E005','廢電池回收日 x 環保市集','文心秀泰廣場','2026-11-05',12,'循環台灣基金會',40,22,40,60,'R',24.1524,120.6483,'攜帶廢電池換取環保積點。','可攜帶舊電池舊衣物。','全天 10:00-18:00'),
('E006','緊急救護 CPR+AED 訓練','台中市紅十字會服務中心','2026-07-20',3,'台中市紅十字會',25,8,90,160,'H',24.1531,120.6713,'學習 CPR 與 AED 操作，通過認證可獲急救證書。','需年滿 16 歲。','上午 09:00-12:00'),
('E007','災害防救志工培訓營','台中市紅十字會服務中心','2026-08-15',11,'台中市紅十字會',30,11,100,180,'S',24.1531,120.6713,'兩天全天培訓，颱風水災應變與心理救援技巧。','需事先完成線上報名。','兩天 08:30-17:30'),
('E008','熱血台中 獻血公益日','台中市捐血中心（南屯）','2026-09-05',3,'台中市紅十字會',100,43,70,120,'L',24.1415,120.6488,'公益獻血日，完成捐血可獲紀念徽章。','年滿 17 歲、體重 50kg 以上。','全天 09:00-17:00');

INSERT IGNORE INTO registrations (rid,uid,eid,date) VALUES
('R001','U001','E002','2026-07-01'),
('R002','U002','E001','2026-07-02'),
('R003','U002','E002','2026-07-03'),
('R004','U001','E006','2026-07-10');

INSERT IGNORE INTO comments (cid,uid,name,eid,text,time) VALUES
('C001','U002','Hua',  'E001','活動很有意義！沿途撿了好多垃圾，下次一定再來！','06/20 14:30'),
('C002','U001','user', 'E002','醜蔬果做出來的料理超好吃！完全不輸正品','06/21 12:00'),
('C003','U001','user', 'E006','CPR 訓練非常扎實，老師很有耐心！','06/22 11:30');