-- SDG 分類參考資料
INSERT INTO sdg_categories VALUES
(3, '健康與福祉',   '#4c9f38', 'Good Health and Well-being'),
(4, '優質教育',     '#c5192d', 'Quality Education'),
(11,'永續城市',     '#fd9d24', 'Sustainable Cities'),
(12,'負責任消費',   '#bf8b2e', 'Responsible Consumption'),
(13,'氣候行動',     '#3f7e44', 'Climate Action'),
(14,'海洋生態',     '#0a97d9', 'Life Below Water');

-- NPO 機構
INSERT INTO npo_profiles (npo_id,name,region,contact,intro) VALUES
('NP01','台中市紅十字會',         '台中市','04-2222-1234','推動急救訓練、災害救援與人道服務，守護台中市民安全。'),
('NP02','惜食廚房協會',           '台中市','04-2345-5678','推廣零廢棄飲食文化，將即期食物轉化為溫暖餐食送達需要者。'),
('NP03','台灣藍鵲茶生態 NPO',     '台中市','04-2333-9999','結合生態保育與友善農業，守護台灣山林與溪流環境。'),
('NP04','碼力無限 EdTech 協會',   '台中市','04-2444-7777','縮短城鄉數位落差，將程式教育帶入偏鄉學校。'),
('NP05','綠境永續 Foundation',    '台中市','04-2555-6666','倡議低碳生活，推動企業 ESG 行動與綠色社區計畫。'),
('NP06','循環台灣基金會',         '台中市','04-2666-8888','推動循環經濟，建立資源回收與二手物流通系統。');

-- 會員（密碼明文，demo 用）
INSERT INTO members (uid,name,email,phone,city,birthday,emergency_contact,bio,pass,role,xp,coin,npo_id) VALUES
('U001','user',   'user@demo.com',      '0912-111-111','台中市','2001-05-01','陳媽媽 / 0910-000-001','喜歡參加教育與淨灘類志工服務。','quest',    'user',  1200, 500,  NULL),
('U002','Hua',    'hua@demo.com',       '0912-222-222','台北市','2000-03-12','林先生 / 0910-000-002','擅長活動紀錄與社群分享。','hua123',   'user',  3500, 1200, NULL),
('U003','志明',   'zhiming@demo.com',   '0912-333-333','台中市','2002-08-20','李姐姐 / 0910-000-003','對 CPR 與災防主題最有興趣。','zm123',    'user',  800,  300,  NULL),
('U004','美玲',   'meiling@demo.com',   '0912-444-444','彰化縣','1999-10-10','王太太 / 0910-000-004','常參與公益活動，也會邀家人一起報名。','ml123',    'user',  2100, 750,  NULL),
('U005','豪傑',   'haojie@demo.com',    '0912-555-555','南投縣','2001-01-18','黃先生 / 0910-000-005','關心循環經濟與回收議題。','hj123',    'user',  450,  180,  NULL),
('U006','雅婷',   'yating@demo.com',    '0912-666-666','台中市','2000-11-06','張媽媽 / 0910-000-006','公益參與活躍，常在活動後留下心得。','yt123',    'user',  5200, 2000, NULL),
('U007','建宏',   'jianhong@demo.com',  '0912-777-777','台南市','2002-07-03','簡爸爸 / 0910-000-007','喜歡參加環保市集與永續生活活動。','jh123',    'user',  980,  400,  NULL),
('U008','淑芬',   'shufen@demo.com',    '0912-888-888','高雄市','1998-04-15','周小姐 / 0910-000-008','重視健康議題與社區型公益活動。','sf123',    'user',  1650, 600,  NULL),
('N001','npo',    'npo@demo.com',       '04-2222-1234','台中市',NULL,'台中市紅十字會窗口','道館主帳號，負責急救與災防活動。','npo123',   'npo',   0,    0,    'NP01'),
('N002','npo2',   'npo2@demo.com',      '04-2345-5678','台中市',NULL,'惜食廚房窗口','道館主帳號，負責惜食與料理活動。','npo2123',  'npo',   0,    0,    'NP02'),
('N003','npo3',   'npo3@demo.com',      '04-2333-9999','台中市',NULL,'藍鵲茶窗口','道館主帳號，負責生態保育活動。','npo3123',  'npo',   0,    0,    'NP03'),
('A001','admin',  'admin@demo.com',     '0900-123-123','台中市',NULL,'系統管理員','管理端示範帳號。','admin123', 'admin', 0,    0,    NULL);

-- 活動
INSERT INTO events (eid,name,loc,date,end_date,sdg_id,npo_id,quota,joined,reward,xp,icon,lat,lng,description,requirements,duration,status) VALUES
('E001','清水濕地淨灘行動',           '清水濕地公園',            '2026-07-15','2026-07-15',14,'NP03',30,24,80, 150,'W',24.2730,120.5612,'一起走進清水濕地，清除海岸垃圾、調查海洋生物多樣性，由專業生態講師帶領解說濕地生態系統，讓公益行動結合環境教育。','需自備水壺、防曬、手套（主辦可借用），年齡限制 12 歲以上。','上午 09:00-12:00','active'),
('E002','醜蔬果創意料理工作坊',       '逢甲夜市廣場',            '2026-08-03','2026-08-03',12,'NP02',20,18,60, 100,'F',24.1802,120.6429,'外觀不完美卻富含營養的醜蔬果通常直接被丟棄，本工作坊教你用創意烹飪手法化廢為寶，實踐零浪費飲食生活。','自備料理工具（主辦提供食材）。','下午 14:00-17:00','active'),
('E003','偏鄉程式教育義教計畫',       '和平區學習中心',          '2026-09-10','2026-09-12', 4,'NP04',15, 5,120,200,'B',24.3600,121.0200,'深入山地原鄉提供程式設計課程，協助偏鄉學童接觸數位工具，培育未來科技人才，縮短城鄉教育落差。','具備基礎程式教學能力，需自備個人筆電。','連續三天 09:00-17:00','active'),
('E004','低碳生活節能體驗講座',       '台中市政府廣場',          '2026-10-20','2026-10-20',13,'NP05',50,34,50, 80, 'G',24.1633,120.6474,'透過互動展覽與專題演講，介紹台灣能源轉型現況、個人減碳足跡計算與節能家電選購指南，共同迎接淨零未來。','無特殊限制，歡迎攜家帶眷參加。','下午 13:30-16:30','active'),
('E005','廢電池回收日 x 環保市集',    '文心秀泰廣場',            '2026-11-05','2026-11-05',12,'NP06',40,22,40, 60, 'R',24.1524,120.6483,'攜帶家中廢電池換取環保積點，同場加映二手物交換市集與資源回收手作體驗，讓循環經濟從日常生活出發。','可攜帶舊電池、舊衣物、舊電子產品，無最低數量限制。','全天 10:00-18:00','active'),
('E006','緊急救護 CPR+AED 訓練',      '台中市紅十字會服務中心',  '2026-07-20','2026-07-20', 3,'NP01',25,12,90, 160,'H',24.1531,120.6713,'學習心肺復甦術（CPR）與自動體外心臟去顫器（AED）操作，通過認證者可獲得紅十字會急救證書，提升社區救護能量。','需年滿 16 歲，建議穿著方便活動之服裝。','上午 09:00-12:00','active'),
('E007','災害防救志工培訓營',         '台中市紅十字會服務中心',  '2026-08-15','2026-08-16',11,'NP01',30,15,100,180,'S',24.1531,120.6713,'兩天全天培訓，涵蓋颱風水災應變、緊急避難所管理、心理救援技巧與物資調配，培育社區災防種子志工。','需事先完成線上報名表，備妥個人健康聲明書。','兩天 08:30-17:30','active'),
('E008','熱血台中 獻血公益日',         '台中市捐血中心（南屯）', '2026-09-05','2026-09-05', 3,'NP01',100,67,70,120,'L',24.1415,120.6488,'與台中市捐血中心合作舉辦公益獻血日，完成捐血可獲得邁邁勇者紀念徽章與 XP 獎勵，讓愛心轉化為冒險動力！','年滿 17 歲、體重 50kg 以上、近期身體健康無不適症狀。','全天 09:00-17:00','active');

-- 報名記錄（多人多活動）
INSERT INTO registrations (rid,uid,eid,status,reg_date) VALUES
('R001','U001','E002','confirmed','2026-07-01'),
('R002','U001','E006','confirmed','2026-07-10'),
('R003','U002','E001','confirmed','2026-07-02'),
('R004','U002','E002','confirmed','2026-07-03'),
('R005','U002','E006','confirmed','2026-07-11'),
('R006','U003','E001','confirmed','2026-07-04'),
('R007','U003','E004','confirmed','2026-07-05'),
('R008','U004','E002','confirmed','2026-07-06'),
('R009','U004','E008','confirmed','2026-07-12'),
('R010','U005','E006','confirmed','2026-07-13'),
('R011','U006','E001','confirmed','2026-07-07'),
('R012','U006','E003','confirmed','2026-07-08'),
('R013','U006','E007','confirmed','2026-07-14'),
('R014','U007','E005','confirmed','2026-07-09'),
('R015','U008','E008','confirmed','2026-07-15'),
('R016','U001','E007','confirmed','2026-07-16'),
('R017','U003','E008','confirmed','2026-07-17'),
('R018','U005','E004','confirmed','2026-07-18');

-- 留言（豐富 demo 資料）
INSERT INTO comments (cid,uid,name,eid,text,created_at) VALUES
('C001','U002','Hua',  'E001','活動很有意義！沿途撿了好多垃圾，還看到招潮蟹，下次一定再來！','2026-06-20 14:30:00'),
('C002','U006','雅婷', 'E001','講師超厲害，認識了好多濕地生物，小孩也玩得很開心！','2026-06-20 16:10:00'),
('C003','U003','志明', 'E001','交通稍微不便但很值得，建議主辦下次提供接駁車～','2026-06-21 09:00:00'),
('C004','U001','user', 'E002','醜蔬果做出來的料理超好吃！完全不輸正品，很開眼界','2026-06-21 12:00:00'),
('C005','U004','美玲', 'E002','第一次知道醜蔬果這個概念，以後買菜會特別選購！','2026-06-21 13:45:00'),
('C006','U001','user', 'E006','CPR 訓練非常扎實，老師很有耐心，強烈推薦給所有人！','2026-06-22 11:30:00'),
('C007','U002','Hua',  'E006','取得急救證書好有成就感！感謝紅十字會的用心規劃','2026-06-22 14:00:00'),
('C008','U005','豪傑', 'E006','原來 AED 操作這麼直觀，以前都不敢碰，現在有信心了！','2026-06-22 15:20:00'),
('C009','U006','雅婷', 'E007','培訓內容很紮實，兩天下來學到很多災防知識，強烈推薦！','2026-06-23 10:00:00'),
('C010','U001','user', 'E007','心理救援那部分讓我很有收穫，原來陪伴的力量這麼大','2026-06-23 11:45:00'),
('C011','U004','美玲', 'E008','捐血過程很順利！工作人員很親切，下次還會來！','2026-06-23 15:00:00'),
('C012','U003','志明', 'E008','獻血公益日辦得很棒，現場還有點心，氣氛很溫馨！','2026-06-23 16:30:00'),
('C013','U008','淑芬', 'E004','講座內容很實用，學到了怎麼計算自己的碳足跡','2026-06-24 14:00:00'),
('C014','U007','建宏', 'E005','二手市集挖到寶！廢電池也順便處理，一舉兩得','2026-06-24 16:00:00');

INSERT INTO comment_likes (cid,uid) VALUES
('C001','U001'),
('C001','U003'),
('C001','U006'),
('C004','U002'),
('C004','U004'),
('C006','U002'),
('C006','U005'),
('C006','U006'),
('C009','U001'),
('C009','U008'),
('C011','U003'),
('C011','U007');

-- 喝水打卡
INSERT INTO water_checkins (uid,date,cups) VALUES
('U001','2026-06-23',5),
('U001','2026-06-22',8),
('U002','2026-06-23',7),
('U002','2026-06-22',8),
('U003','2026-06-23',3),
('U006','2026-06-23',8);

-- 心情打卡
INSERT INTO mood_checkins (uid,date,mood,note) VALUES
('U001','2026-06-23','開心',   '今天參加了義教，超有成就感！'),
('U001','2026-06-22','充滿活力','晨跑後狀態超好'),
('U002','2026-06-23','充滿活力',''),
('U004','2026-06-23','平靜',   '靜下來想想人生方向'),
('U006','2026-06-23','開心',   '幫助別人讓我很快樂');
